,publisher
Stuff.co.nz,16135
Otago Daily Times,8580
Scoop.co.nz,2501
New Zealand Herald,2163
Voxy,1413
TopNews New Zealand,1392
Scoop.co.nz (press release),1350
Taranaki Daily News,1021
Radio New Zealand,916
The Press,893
3News NZ,791
Newshub,781
Manawatu Standard,757
TVNZ,717
Auckland stuff.co.nz,670
The Dominion Post,656
Waikato Times,549
The Southland Times,547
SunLive,501
thedailyblog.co.nz,461
sunlive.co.nz,460
newsroom.co.nz,452
Newstalk ZB,415
thespinoff.co.nz,409
The Spinoff,404
voxy.co.nz,401
Timaru Herald,387
sportal.co.nz,386
Marlborough Express,355
odt.co.nz,329
The Nelson Mail,324
Independent Community Newspaper,311
newshub.co.nz,307
Interest.co.nz,305
interest.co.nz,300
scoop.co.nz,294
reseller.co.nz,286
rnz.co.nz,260
autocar.co.nz,257
Nelson Mail,250
i.stuff.co.nz,243
stuff.co.nz,240
goodreturns.co.nz,240
gisborneherald.co.nz,233
newstalkzb.co.nz,232
NZGamer.com,228
Southland Times,222
Gisborne Herald,206
ruralnewsgroup.co.nz,205
Computerworld New Zealand,202
indiannewslink.co.nz,199
newsie.co.nz,196
Sail World,189
community.scoop.co.nz,180
sharechat,178
The National Business Review,176
Indian Weekender,169
NZCity,164
rugbypass.com,162
tvnz.co.nz,159
Newsroom,155
Horsetalk,138
Indian NewsLink,135
CIO New Zealand,129
Reseller News,127
NZ Autocar,124
undertheradar.co.nz,121
sharechat.co.nz,120
radionz.co.nz,115
Rural News Group,104
noted.co.nz,99
waateanews.com,95
WeatherWatch.co.nz,88
ourauckland.aucklandcouncil.govt.nz,88
nowtolove.co.nz,85
New Zealand Doctor Online,82
The Press West Coast,76
Times Online - Auckland,76
nz.news.yahoo.com,72
RugbyPass,71
thedailyblog.co.n,70
wellington.scoop.co.nz,63
theinformant.co.nz,61
Noted,61
Radio Sport,60
OurAuckland,57
Wairarapa Times Age,48
RNZ,48
Gameplanet,34
Yahoo News,31
Now To Love,29
Asia Pacific Report,28
home.nzcity.co.nz,28
New Zealand Herald (blog),24
Auckland Magazine,22
Sail World (press release),11
