,publisher
Toronto Star,6205
National Post,4791
CBC.ca,4554
Globe and Mail,3722
The Globe and Mail,2465
Winnipeg Free Press,1986
CTV News,1870
Digital Journal,1651
Globalnews.ca,1185
Toronto Sun,1153
TheChronicleHerald.ca,1060
Financial Post,1039
Marketwired,814
Vancouver Sun,797
MetroNews Canada,765
Huffington Post Canada,762
Canada NewsWire,738
DigitalJournal.com,728
Macleans.ca,685
London Free Press,626
Ottawa Citizen,575
Canada.com,564
Montreal Gazette,546
Straight.com,546
rabble.ca,506
Calgary Herald,505
Edmonton Journal,496
Stockhouse,490
Sportsnet.ca,479
Windsor Star,478
The London Free Press,459
NHL.com,455
Canada NewsWire (press release),451
Castanet.net,419
Torontoist,414
Hamilton Spectator,401
Cape Breton Post,400
The Province,391
The Telegram,390
Exclaim!,376
Times Colonist,324
NorthernLife.ca,321
iPolitics.ca,299
The Kingston Whig-Standard,287
Marketwired (press release),274
Nunatsiaq News,248
The Sudbury Star,245
Waterloo Record,243
newswire.ca,240
Peterborough Examiner,231
The Vancouver Observer,231
St. Catharines Standard,229
CP24 Toronto's Breaking News,229
The Guardian,224
The Motley Fool Canada,220
Brantford Expositor,218
Net Newsledger,218
News1130,210
YorkRegion.com,205
Thorold News,199
The Barrie Examiner,196
MINING.com,194
globalnews.ca,184
Toronto Life,183
Ottawa Sun,182
Canada NewsWir,175
digitaljournal.com,170
Western Star,169
pembinavalleyonline.com,169
Sarnia Observer,164
ipolitics.ca,163
CityNews,163
The North Bay Nugget,162
Techvibes,161
theglobeandmail.com,160
durhamregion.com,160
Belleville Intelligencer,155
TheTyee.ca,153
Truro Daily News,153
The Guardian Charlottetown,153
Calgary Sun,153
ca.news.yahoo.com,153
InsideHalton.com,148
Vancouver Courier,145
macleans.ca,144
barrietoday.com,143
Ottawa Business Journal,142
ITBusiness.ca,141
Journal Pioneer,139
Victoria Times Colonist,137
thestar.com,137
fool.ca,137
rdnewsnow.com,136
InfoTel News Ltd,135
nugget.ca,134
The Hockey Writers,134
Medicine Hat News,134
Sault Star,130
Ubyssey Online,130
SooToday.com,130
Owen Sound Sun Times,129
Post City,127
biv.com,127
insideTORONTO.com,127
Jamaica Gleaner,126
cbc.ca,126
intelligencer.ca,126
Prince George Citizen,126
Edmonton Sun,124
nationalobserver.com,124
baystreet.ca,123
huffingtonpost.ca,123
Western Producer,123
orilliamatters.com,123
Kawartha Media Group,122
kamloopsthisweek.com,122
Sudbury.com,122
Regina Leader-Post,121
Chatham Daily News,120
thesudburystar.com,120
Varsity,120
Brandon Sun,120
Saskatoon StarPhoenix,119
sportsnet.ca,119
CanIndia News,118
North Shore News,118
CFJC Today Kamloops,117
ca.sports.yahoo.com,116
straight.com,116
timescolonist.com,115
lfpress.com,115
BlackburnNews.com,115
ca.finance.yahoo.com,115
HorrorMovies.ca,114
ottawasun.com,114
TSN,114
thetelegram.com,113
brantfordexpositor.ca,113
Guelph Mercury,112
Niagara Falls Review,111
stockhouse.com,109
Mondaq News Alerts,108
o.canada.com,107
panow.com,107
The Link,105
Standard Freeholder,105
McGill Reporter,104
Niagarathisweek.com,104
Sporting News,104
cfjctoday.com,104
timminstoday.com,103
canindia.com,102
thechronicleherald.ca,102
kitco.com,102
Timmins Press,101
technologynetworks.com,100
Government of Ontario News,100
vice.com,99
winnipegfreepress.com,99
BayToday,98
citynews1130.com,98
Canadian Lawyer Magazine,98
kelownadailycourier.ca,98
680 News,97
570 News,97
thetyee.ca,97
baytoday.ca,97
theguardian.pe.ca,97
capebretonpost.com,96
Prince Albert Daily Herald,96
Fort McMurray Today,95
Delta-Optimist,94
St. Albert Gazette,94
Woodstock Sentinel Review,94
Northumberland Today,92
ETCanada.com,92
NG News,91
The Western Star,91
driving.ca,91
Lethbridge Herald,91
Alberta Daily Herald Tribune,90
vancourier.com,89
The Beacon Herald,88
lethbridgenewsnow.com,87
theloop.ca,87
Vernon Morning Star,87
guelphtoday.com,86
Queen's Journal,86
everythinggp.com,86
thewhig.com,84
toronto.citynews.ca,84
journalpioneer.com,84
Hockey's Future,82
itworldcanada.com,82
CanadianBusiness.com,81
Burnaby Now,81
Tbnewswatch.com,81
sportingnews.com,81
castanet.net,80
The Coast Halifax,79
paherald.sk.ca,79
Oshawa Express,79
princegeorgecitizen.com,79
Good E-Reader,78
ctvnews.ca,78
Philippine Canadian Inquirer,78
psychologytoday.com,77
tvo.org,77
Yahoo News,76
netnewsledger.com,75
GuelphToday,75
prpeak.com,74
The Chronicle Journal,74
570news.com,74
etcanada.com,74
News Talk 650 CKOM,74
Benefits Canada,73
Welland Tribune,73
Reuters Canada,73
Winnipeg Sun,71
Estevan Mercury,71
VICE,70
Kelowna Capital News,70
Simcoe.com,70
The Daily Courier,70
tbnewswatch.com,69
VOCM,67
tsn.ca,67
BCLocalNews,66
Yahoo Sports,66
Mississauga,65
cjnews.com,65
The Journal Pioneer,65
News Talk 980 CJME,64
National Observer,63
SFBay,62
CityNews Vancouver,62
trurodaily.com,62
thevarsity.ca,62
estevanmercury.ca,62
Yahoo Canada Sports,60
bc.ctvnews.ca,60
halifaxtoday.ca,60
The Weather Network,59
Pembroke Daily Observer,58
E! Online,58
whl.ca,57
sudbury.com,57
thompsoncitizen.net,56
Richmond News,55
Kamloops This Week,55
Canoe,55
660 News,55
canadianinquirer.net,54
Proactive Investors USA &amp; Canada,54
Business in Vancouver,54
nationalpost.com,54
PembinaValleyOnline.com,54
Stanley Cup of Chowder,51
Driving,50
KelownaNow,49
The Catholic Register,49
Powell River Peak,49
South Asian Link,49
MY PG NOW,48
UCalgary News,48
Voiceonline.com,47
TimminsToday,46
Lethbridge News Now,45
Western Hockey League,44
The Daily Courier (subscription),44
paNOW,43
FilmiBeat,42
toronto.ctvnews.ca,42
Nanaimo News NOW (press release),42
The Republic of East Vancouver,42
Energeticcity.ca,41
sootoday.com,40
The News,40
Thompson Citizen,39
Technology Networks,38
cp24.com,36
National Hockey League,36
The Globe and Mail (subscription),36
The Sarnia Journal,36
iNews880.com,34
Local Xpress,32
Gazette,31
eonline.com,31
Baystreet.ca,30
Equnews International,28
Hockeybuzz.com (blog),28
Windows Central,28
Tolerance.ca,27
SooToday,26
Canada News,22
Carelton Free Press,19
Kitco News,17
E! News Canada (blog),15
IFP News,15
The Siver Times,15
OrilliaMatters.Com,9
arabtimesonline.com,7
HalifaxToday.ca,5
Ctv News,5
GlobalNews.ca,5
TbNewsWatch.com,2
tolerance.ca,1
