,publisher
Capital FM Kenya,4832
"The Star, Kenya",2816
Daily Nation,2282
Ghafla!Kenya,1641
The Standard,1588
The Standard Digital News,1348
The Standard Digital News (satire),941
Hivisasa.com,940
Business Daily,933
K24 TV,858
Coastweek,834
Goal.com,786
FreshPlaza,618
The Standard (press release),552
Business Daily (press release) (blog),455
kenyans.co.ke,422
nairobinews.nation.co.ke,422
Hivisasa,414
the-star.co.ke,355
Capital FM Kenya (press release) (blog),354
SDE Entertainment News,350
Tuko.co.ke,339
TUKO.CO.KE,339
nation.co.ke,318
businessdailyafrica.com,314
kbc.co.ke,310
Nairobi News,306
standardmedia.co.ke,275
nairobiwire.com,272
Business Dail,241
Africa Review,236
ZIPO.CO.KE,221
theeastafrican.co.ke,219
citizentv.co.ke,219
mobile.nation.co.ke,211
tuko.co.ke,203
kenyanews.go.ke,189
PulseLive Kenya,189
Nairobi News (satire) (press release) (blog),183
Kenya Broadcasting Corporation,180
capitalfm.co.ke,179
Citizen TV,162
hivisasa.com,159
sde.co.ke,155
Kenyans,153
pulselive.co.ke,150
mpasho.co.ke,144
Ghafla!,107
Kenya News Agency,106
The Standard Digital News (press release) (blog),89
Kenyans.co.ke,73
Citizen TV (press release),71
NTV,68
lankaweb.com,67
SDE Entertainment News (satire) (press release) (blog),64
Futaa,62
The East Africa,61
Mpasho Kenya (satire,52
PulseLive Kenya (satire),47
Hivisasa.Com,44
Web Breaking News,42
ReliefWeb,34
Mpasho Kenya (satire) (blog),32
Pulse Live Kenya,28
futaa.com,24
goal.com,17
