,publisher
The Straits Times,2785
AsiaOne,2401
VR-Zone,1775
Straits Times,857
TODAYonline,824
www.MICEtimes.asia (press release),797
Techgoondu,739
www.MICEtimes.asi,552
The Online Citizen,535
Channel News Asia,489
eco-business.com,452
THE BUSINESS TIMES,355
Marketing Interactive,342
Catch News,324
The New Paper,323
Asian Scientist Magazine,285
Ship &amp; Bunker,283
Singapore Business Review,246
Channel NewsAsia,245
The Business Times,239
DEALSTREETASIA,225
The Independent,220
theindependent.sg,216
Yahoo Singapore News,206
Yahoo News,203
sbr.com.sg,195
Goal.com,184
e27,170
tnp.sg,168
dealstreetasia.com,163
straitstimes.com,163
"International Business Times, Singapore Edition",162
TravelDailyNews Asia-Pacific,149
The News Minute,127
humanresourcesonline.net,120
asiaone.com,118
marketing-interactive.com,117
businesstimes.com.sg,108
The Motley Fool Singapore,103
theonlinecitizen.com,99
The Public Journal,90
connectedtoindia.com,83
geekculture.co,73
prestigeonline.com,72
GGRAsia,69
sg.news.yahoo.com,69
Human Resources Online,62
channelnewsasia.com,61
NewsBytes,60
TheTokenWir,57
yourstory.com,54
ibtimes.sg,52
Business Insider,50
CNA,50
The Middle Ground,49
thenewsminute.com,48
The Tokyo Reporter,48
MIS Asia,45
sg.asiatatler.com,45
Mothership.sg (registration),43
finews.asia,42
Biotechin.Asia,42
Billionaire.com,41
Campaign Asia-Pacific,41
catchnews.com,39
Putnam Standard,37
ig.com,36
Packaging Herald,35
TelevisionPost,34
The Online Citizen SG,34
Connected to India,34
OpenGov Asia,31
sea.ign.com,31
FourFourTwo,28
Stuff,28
Weekender Singapore,27
The Indian Talks,27
IGN Southeast Asi,26
CFO innovation ASIA,25
cmcmarkets.com,24
Networks Asia,24
HRM Asia,23
Telecom Asia,22
businessinsider.sg,22
DataCenterNews Asia,20
Press Examiner,17
ASIATravelTips.com,17
augustman.com,16
nationnews.com,14
asianews.network,14
technode.com,14
YourStory.com,13
ggrasia.com,13
sundayguardianlive.com,12
Galaxy Reporter,10
The Sunday Guardian,9
TechNode,8
ucanews.com,8
goal.com,8
jantakareporter.com,2
Janta Ka Reporter,2
UCA News,1
Wisden India,1
