,publisher
The Guardian,4221
BBC News,3458
The Independent,2053
Metro,1420
Evening Standard,1218
Mirror.co.uk,905
The Sun,856
Financial Times,756
BBC Sport,744
The Times,694
Independent,606
ITV News,594
Express.co.uk,564
Wired.co.uk,520
NME.com,516
Reuters UK,508
Belfast Telegraph,449
Isle of Wight County Press,410
Scottish Daily Record,402
Huffington Post UK,390
HeraldScotland,386
Den Of Geek,294
ChronicleLive,292
City A.M.,284
The Courier,280
"The Press, York",260
The Market Oracle,260
expressandstar.com,248
The Drum,248
Yahoo News UK,244
Jewish Chronicle,226
Pocket-lint.com,224
Daily Star,216
Catholic Herald Online,214
The Times (subscription),210
lexology.com,206
NW Evening Mail,194
road.cc,192
The Week UK,174
Gigwise,174
ChristianToday,172
yorkpress.co.uk,162
nme.com,160
Norfolk Eastern Daily Press,160
Kent Online,158
Register,158
fool.co.uk,156
The Irish News,156
SkySports,156
TechRadar,154
chroniclelive.co.uk,152
Aberdeen Evening Express,152
The Argus,148
politicshome.com,144
ibtimes.co.uk,140
gq-magazine.co.uk,138
MercoPress,136
thetimes.co.uk,136
gloucestershirelive.co.uk,136
theneweuropean.co.uk,134
kentonline.co.uk,134
Yahoo Finance UK,134
Londonist,132
stv.tv,130
TechRadar UK,129
blogs.lse.ac.uk,128
worcesternews.co.uk,128
oxfordmail.co.uk,126
The Scottish Sun,126
belfasttelegraph.co.uk,126
TrustedReviews,124
Screen International,116
themag.co.uk,114
Worcester News,114
the Irish News,114
Bradford Telegraph and Argus,112
Oxford Mail,112
usgamer.net,112
theboltonnews.co.uk,112
The National,110
gov.uk,108
ESPN.co.uk,108
Reuters,106
IBTimes.co.uk,104
Gloucestershire Live,104
wired.co.uk,104
Yorkshire Post,102
radiotimes.com,102
Clash Magazine,102
Cycling Weekly,100
Glasgow Evening Times,100
newsandstar.co.uk,100
pcgamer.com,98
GOV.UK,98
theweek.co.uk,98
mirror.co.uk,97
theregister.co.uk,96
crash.net,96
edp24.co.uk,92
espn.co.uk,92
tes.com,91
The Quietus,91
The Bolton News,90
derbytelegraph.co.uk,90
proactiveinvestors.co.uk,90
Liverpool Echo,86
metro.co.uk,86
Time Out,86
Evening Times,84
The Zimbabwe Daily,82
grimsbytelegraph.co.uk,81
Spectator.co.uk,81
PC Gamer,80
eveningtimes.co.uk,80
Proactive Investors UK,79
Press Release Rocket,78
bbc.co.uk,76
Middle East Eye,76
The Scotsman,75
GamesRadar,74
Business Insider UK,74
Exchange News Direct,74
Stoke Sentinel,72
thenational.scot,72
southwalesargus.co.uk,72
Hereford Times,72
Sportinglife.com,70
Develop,70
thetelegraphandargus.co.uk,70
News &amp; Star,69
spectator.co.uk,69
E! Online,68
Eurogamer.net,68
Goal.com,68
HuffPost UK,68
consultancy.uk,68
cyclingweekly.com,66
Birmingham Live,66
PCGamesN,66
politico.eu,64
kashmirreader.com,62
Huffington Post,62
eurogamer.net,60
Daily Echo,58
bristolpost.co.uk,58
Echo,58
Eurosport.co.uk,58
newsletter.co.uk,56
International Law Office,56
thesun.co.uk,56
Gazette,56
The Guardian (blog),56
JOE.co.uk,55
countypress.co.uk,54
scotsman.com,54
Nottingham Post,54
Out-Law.com,54
The Sunday Post,54
Dorset Echo,52
ClickLancashire,52
express.co.uk,51
walesonline.co.uk,50
birminghammail.co.uk,50
leicestermercury.co.uk,48
Exeter Express and Echo,48
Stoke-on-Trent Live,48
Manchester Evening News,46
itv.com,46
standard.co.uk,45
POLITICO.eu,45
STV News,44
Derby Telegraph,44
The Northern Echo (registration),44
Plymouth Herald,44
Bournemouth Echo,43
yorkshirepost.co.uk,42
Lincolnshire Echo,40
manchestereveningnews.co.uk,40
blogs.spectator.co.uk,40
The Dumbarton and Vale of Leven Reporter,40
thenorthernecho.co.uk,40
South Wales Evening Post,38
The Sport Review,36
coventrytelegraph.net,36
thisismoney.co.uk,35
The Westmorland Gazette,34
Leicester Mercury,34
Lexology,34
Yorkshire Evening Post,32
90min,32
Eastern Daily Press,32
Tribal Football,32
joe.co.uk,30
plymouthherald.co.uk,29
Kent Live,28
Kashmir Reader,28
Bristol Live,28
AOL UK,27
Citywire.co.uk,27
Yahoo News,26
bournemouthecho.co.uk,25
TES News,23
Huddersfield Examiner,22
FootballFanCast.com,22
Teamtalk.com,22
GiveMeSport,22
football365.com,21
Lancashire Evening Post,20
Bristol Post,20
Swindon Advertiser,17
Football365.com,15
PoliticsHome.com,8
Risk.net,6
Consultancy.uk,4
Den of Geek!,3
CITY A.M.,2
YAHOO! News,1
