,publisher
Huffington Post,2813
NPR,1532
TIME,1153
CNN,1001
Los Angeles Times,875
Business Insider,873
Wall Street Journal,755
Reuters,684
ABC News,672
The Guardian,657
New York Daily News,644
YAHOO!,643
Chicago Tribune,630
Slate Magazine,613
TechCrunch,571
New York Post,561
USA TODAY,552
Mashable,552
CBS News,523
Washington Post,512
Fox News,511
New York Times,494
The Atlantic,476
Wired News,459
MarketWatch,437
Gizmodo,433
CNET,432
The Verge,430
Wired,429
MTV.com,418
U.S. News &amp; World Report,415
CNBC,411
Hollywood Reporter,410
NOLA.com,408
Ars Technica,407
Christian Science Monitor,382
International Business Times,381
E! Online,373
Quartz,366
Fast Company,366
Scientific American,353
Entertainment Weekly,333
OregonLive.com,326
NJ.com,325
NBCNews.com,319
Phys.Org,316
Treehugger,315
The Hill,314
ThinkProgress,310
ESPN,305
VentureBeat,301
Engadget,300
Cinema Blend,295
RollingStone.com,277
Patch,271
Lifehacker,269
Salon,267
Daily Beast,264
CBSSports.com,259
MLive.com,256
Bleacher Report,256
News-Medical.net,249
CBS Local,248
Seeking Alpha,247
Billboard,244
Minneapolis Star Tribune,243
Gizmag,241
Washington Times,240
Consequence of Sound,240
CNN International,236
Houston Chronicle,236
The Star-Ledger - NJ.com,233
Irish Times,232
The Inquisitr,230
The Next Web,230
MassLive.com,224
UN News Centre,221
USA Today,220
People Magazine,216
ZDNet,216
Kotaku,213
Bloomberg,212
San Francisco Chronicle,208
PsychCentral.com,204
Forbes,202
TheBlaze.com,201
Foreign Policy,200
Voice of America,199
Co.Design,198
The Week Magazine,193
IGN,192
Deadspin,192
A.V. Club,183
The Business Insider,183
Popular Science,179
SFGate,174
Plain Dealer,171
Variety,168
New York Magazine,168
Business Wire (press release),166
GameSpot,166
Baltimore Sun,164
Dallas Morning News,162
The Seattle Times,161
Deutsche Welle,161
Comicbook.com,161
Collider.com,159
Politico,156
Daily Caller,155
Fortune,154
Discovery News,149
Mother Nature Network,148
Vulture,147
Newsday,143
Computerworld,143
Aljazeera.com,142
Medical News Today,140
PR Newswire,139
Milwaukee Journal Sentinel,138
New Yorker,136
UPI.com,134
/FILM,134
US Department of State,133
AdAge.com,131
PerezHilton.com,130
Brookings Institution,129
Jalopnik,129
fox6now.com,129
Entrepreneur,126
Chicago Sun-Times,125
Deadline,124
CNNMoney,124
Gawker,123
Polygon,123
STLtoday.com,121
Deadline.com,120
KTLA,120
Buffalo News,119
Hollywood Life,119
InfoWorld,118
The Mercury News,117
TMZ.com,117
CNBC.com,116
NDTV,116
Flavorwire,115
Nasdaq,115
The New Yorker,112
Detroit Free Press,112
RadioFreeEurope/RadioLiberty,111
Vanity Fair,111
Chicago Daily Herald,110
Mother Jones,110
Jerusalem Post Israel News,110
Jezebel,109
Washington Examiner,108
TheStreet.com,108
The Nation.,107
PennLive.com,105
WLS-TV,105
Search Engine Land,104
PolitiFact,104
Syracuse.com,104
WebMD,103
FOXSports.com,102
Mediaite,101
WGN-TV,101
IMDb,101
OCRegister,100
ClutchPoints,99
PC Gamer,98
The Boston Globe,97
Business Wire,95
Sports Illustrated,95
Atlanta Journal Constitution,95
TigerDroppings.com,95
PopMatters,94
National Institutes of Health,94
Boston Herald,93
Patch.com,92
WBUR,92
NBCSports.com,92
Columbus Dispatch,91
Complex,90
Co.Exist,90
Philly.com,90
Chronicle of Higher Education,90
TMCnet,89
Today.com,88
Deseret News,88
al.com,88
Boing Boing,87
KABC-TV,87
WIRED,86
SILive.com,86
CounterPunch,86
Fox Business,85
KTRK-TV,85
E News,84
cleveland.com,84
Las Vegas Sun,83
CBS Boston / WBZ,83
BGR,82
The Jerusalem Post Blogs,81
nwitimes.com,81
PBS NewsHour,80
National Geographic,80
The Athletic,80
Playbill.com,79
Yahoo! Sports,78
Democracy Now,78
The Hill (blog),78
BroadwayWorld,78
Tampabay.com,78
National Catholic Reporter,78
The Times of Israel,78
TrendHunter,78
Hartford Courant,77
TheWrap,75
For The Win,75
fox2now.com,74
Hyperallergic,74
FOX31 Denver,74
The Rio Times,72
PC Magazine,72
SB Nation,72
Tribune-Review,71
Fox 59,71
myfox8.com,71
The Denver Post,70
Forward,70
The Arizona Republic,70
Firstpost,70
Lincoln Journal Star,69
Las Vegas Review-Journal,69
PEOPLE.com,68
Orlando Sentinel,68
Hot Air,68
Us Weekly,68
NBC Chicago,68
NBC New York,67
9NEWS.com,66
GirlsAskGuys,65
fox8.com,65
89.3 KPCC,65
Page Six,64
KGO-TV,63
AL.com,63
KSAT San Antonio,63
WSB Atlanta,63
CBS New York,62
NBC Bay Area,62
Gothamist,62
Inc.com,62
euronews,62
Just Jared,61
FOX 61,61
kfor.com,60
Taste of Country,60
HotNewHipHop,58
Charlotte Observer,58
Charleston Post Courier,58
Nerdist,57
Madison.com,57
Entertainment Tonight,56
Digital Trends,56
The Jerusalem Post,55
The Daily Progress,55
fox4kc.com,55
Yahoo News,54
Gamasutra,54
INFORUM,54
Boston.com,54
Stereogum,54
Duluth News Tribune,54
wtkr.com,53
Austin American-Statesman,53
WCVB Boston,52
Omaha World-Herald,52
Arkansas Online,51
Palm Beach Post,51
whnt.com,51
Nature,51
New York's PIX11 / WPIX-TV,50
Lexington Herald Leader,50
comicbook.com,50
WTOP,50
Motley Fool,49
Tesla Motors Club,49
The Register-Guard,49
Colorado Springs Gazette,49
The Columbian,48
Sun Sentinel,48
RealClearPolitics,48
cheatsheet.com,48
Bustle,48
CoinDesk,48
ESPN (blog),48
NFL.com,48
BuzzFeed News,48
FXStreet,48
The Root,48
Autoblog,47
The San Diego Union-Tribune,47
theenterpriseleader.com,47
FOX43.com,47
WFTV Orlando,46
Hindustan Times,46
News &amp; Observer,46
Wicked Local,46
Press-Enterprise,46
The Advocate,46
The Detroit News,46
Chattanooga Times Free Press,46
Daily Herald,46
StarTribune,45
Kansas City Star,45
Raw Story,45
Arizona Daily Star,45
Detroit News,44
We Got This Covered,44
WFMZ Allentown,44
ndtv.com,44
FiveThirtyEight,44
Medical Xpress,43
WSOC Charlotte,43
SlashGear,43
KOMO News,43
Sacramento Bee,43
RT,43
Miami Herald,42
Press Herald,42
fox13now.com,42
NorthJersey.com,42
KCCI Des Moines,42
Uproxx,41
New Haven Register,41
Reuters on MSN.com,41
Allentown Morning Call,41
Slate Magazine (blog),41
Observer,41
Yakima Herald-Republic,41
Billings Gazette,40
KSL.com,40
KY3,40
Heavy.com,39
HuffPost,39
KIRO Seattle,38
Project Syndicate,38
wtvr.com,38
Yahoo Sports,38
Bristol Herald Courier (press release) (blog),38
TASS,38
Insurance Journal,38
Flickeringmyth,38
FOX40,38
Dallas News,37
Vanguard,37
LancasterOnline,37
Thomson Reuters Foundation,37
Q13 FOX,37
polygon.com,37
Bangor Daily News,37
CBS Los Angeles,37
euronews.com,37
LatestLY,36
jpost.com,36
Hoodline,36
New Jersey Hills,36
The Spokesman-Review,36
ABC,36
thehindu.com,36
Dot Esports,36
timesofisrael.com,36
MSN,36
Refinery29,36
NBC 10 Philadelphia,36
Dallas News (blog),36
TMZ,36
WRAL,36
hindustantimes.com,36
Inside Higher Ed,36
Seattle Times,35
Yahoo Finance,35
Free Malaysia Today,35
PopSugar,35
EurekAler,35
Benzinga.com,35
Soompi,34
Energy Central,34
Newsweek,34
syfy.com,34
earthquakes,34
Cincinnati Enquirer,34
firstpost.com,34
Honolulu Star-Advertiser,34
Sharedots,33
PRI,33
WABC-TV,33
KETV Omaha,33
WRAL.com,33
Virginian-Pilot,33
Indianapolis Star,33
Axios,32
aljazeera.com,32
Tulsa World,32
forbes.com,32
Winston-Salem Journal,31
Cleveland.com,31
NBC Connecticut,31
Fairbanks Daily News-Miner,31
The Missoulian,31
NBC Sports,31
KTUU.com,31
The Southern,31
San Antonio Express-News,30
Des Moines Register,30
The Cheat Sheet,30
East Bay Times,30
nature.com,30
KVOA 4,30
dailyherald.com,30
MLive,30
Tennessean,30
The Big Lead,30
The Motley Fool,30
eurekalert.org,30
Ventura County Star,29
ew.com,29
Psychology Today,29
poandpo.com,29
MyNorthwest.com,29
My San Antonio,28
chicago.suntimes.com,28
WBTV,28
Neowin,28
Geeky Gadgets,28
freemalaysiatoday.com,28
nj.com,27
insideARM,27
foxnews.com,27
KWCH,27
WITN,27
Albuquerque Journal,27
deadline.com,27
theverge.com,27
businesswire.com,26
Parade,26
pitchfork.com,26
WILX-TV,26
San Diego Union-Tribune,26
NECN,26
Barron's,26
WBAY,26
Yahoo! News,25
Adweek,25
YAHOO! News,25
9to5Toys,25
pediatrics.aappublications.org,25
golfdigest.com,25
StamfordAdvocate,25
columbian.com,24
Los Angeles Daily News,24
theguardian.com,24
Epicstream,24
The Daily Beast,24
phys.org,24
Concord Monitor,24
irishtimes.com,23
Mercury News,23
Dispatch Tribunal,23
Times Union,23
Android Authority,23
Phys.org,23
mlive.com,23
thehill.com,23
WKYT,23
spokesman.com,23
skysports.com,22
pbs.org,22
techcrunch.com,22
deadspin.com,22
MSPoweruser,22
nypost.com,22
Daily Press,22
The Daily Dot,22
Associated Press News,22
AOL,22
slate.com,22
Portland Press Herald,22
Player,22
The Courier,22
newyorker.com,21
EurekAlert!,21
St. Louis Post-Dispatch,21
tampabay.com,21
BuzzFeed,21
wbur.org,21
cbssports.com,21
qz.com,21
Caledonian Record,21
TweakTown,21
Grand Forks Herald,21
seattlepi.com,21
washingtonexaminer.com,21
people.com,21
WIFR,21
inquisitr.com,20
vanguardngr.com,20
freep.com,20
Watertown Public Opinion,20
Fox Sports,20
fool.com,20
montrealgazette.com,20
CBR,20
vulture.com,20
Patch on MSN.com,20
latimes.com,20
Tampa Bay Times,19
Sun Journal,19
Pitchfork,19
Aberdeen American News,19
nasdaq.com,19
theatlantic.com,19
insidehighered.com,19
wired.com,19
graphicpolicy.com,19
WEAU,19
ottawacitizen.com,19
NBC15,19
KBTX,19
WCTV,19
Naples Daily News,18
ABC15 Arizona,18
Citizen's Voice,18
nytimes.com,18
Connecticut Post,18
npr.org,18
Larry Brown Sports,18
Tennis World USA,18
dallasnews.com,18
buffalonews.com,18
Greenwich Time,18
WHDH,18
chicagotribune.com,18
TwinCities.com-Pioneer Press,18
The Desert Sun,18
247 Sports,17
pilotonline.com,17
courant.com,17
Ringside News,17
Oregonian,17
Sporting News,17
sfgate.com,17
HoopsHype,17
PBS,17
Townhall,17
The Hollywood Reporter,17
Wrestling-Edge,17
Alaska Dispatch News,17
Journal Record,17
Hypebeast,17
Arkansas Democrat-Gazette,17
marketwatch.com,17
WGEM,17
advances.sciencemag.org,17
nydailynews.com,17
CBS 58,17
9to5Mac,17
Shacknews,16
WBRZ,16
News 12 New Jersey,16
wral.com,16
Gematsu,16
time.com,16
Women's Wear Daily,16
ABC7,16
Marietta Daily Journal,16
Twinfinite,16
nola.com,16
gizmodo.com,16
Penn Live,16
NBC News,16
Cleveland Daily Banner,16
WNDU,16
variety.com,16
WSLS 10,16
finance.yahoo.com,16
MassLive,15
GlobeNewswire,15
Hazleton Standard Speaker,15
Access WDUN,15
KNIA-KRLS,15
clickondetroit.com,15
Argus Leader,15
pressherald.com,15
Wrestling News,15
nbcnews.com,15
bostonherald.com,15
Omaha.com,15
theringer.com,15
WHSV,15
WFMJ,15
mxdwn.com,15
WYMT,15
Orange County Register,15
arkansasonline.com,15
FOX6 Milwaukee,15
CoinTelegraph,15
Rochester Business Journal,14
rollingstone.com,14
Crowdfund Insider,14
Morning Call PA,14
C-SPAN,14
WOWT.com,14
The New York Times,14
Tallahassee Democrat,14
Law360,14
Courier-Journal,14
houstonchronicle.com,14
GoNintendo,14
Bossip,14
ABC 7 Chicago,14
bostonglobe.com,14
newsday.com,14
politico.com,14
Las Cruces Sun-News,14
Gizmochina,14
mercurynews.com,14
Times Record News,14
sfchronicle.com,14
WCJB,13
triblive.com,13
Law,13
AltonDailyNews.com,13
Renewables Now,13
startribune.com,13
People,13
Metro US,13
BET,13
Corpus Christi Caller-Times,13
NorthEscambia,13
postandcourier.com,13
baltimoresun.com,13
buzzfeed.com,13
The Daily Voice,13
app.com,13
MLB,13
arstechnica.com,13
nymag.com,13
Pensacola News Journal,13
The Gazette,13
Hellenic Shipping News Worldwide,13
WrestlingInc.com,12
NESN,12
Imperial Valley Press,12
WTKR.com,12
ksl.com,12
WBAL,12
businessinsider.com,12
The Source Magazine,12
stltoday.com,12
The York Dispatch,12
Saturday Down South,12
omaha.com,12
KADN,12
Asheville Citizen-Times,12
Associated Press,12
ABC Kcrg  9,12
Abilene Reporter-News,11
cnbc.com,11
The Sumter Item,11
Montgomery Advertiser,11
Science Daily,11
cbsnews.com,11
WXYZ Detroit,11
yahoo.com,11
Atlanta Journal-Constitution,11
Midland Reporter-Telegram,11
seattletimes.com,11
AppleInsider,11
WTAQ,10
Variety on MSN.com,10
WPIX,10
ABC57,10
Rome Sentinel,10
GatorCountry.com,10
tucson.com,10
The Daily Advertiser,10
Community Impact Newspaper,10
MyCentralJersey,10
My MotherLode,10
Treasure Coast Newspapers,10
Business Insider on MSN.com,10
abc7NY,10
Greenville News,10
Baxter Bulletin,9
Al Jazeera English,9
News-Press NOW,9
Sporting News on MSN.com,9
Reason,9
TAPinto,9
espn.com,9
seekingalpha.com,9
abcnews.go.com,9
CBS Boston / WBZ on MSN.com,9
usatoday.com,9
lords of pain,9
Click2Houston,9
chron.com,9
PLANetizen,9
Evansville Courier & Press,9
Reading Eagle,9
WMUR9,9
KTAR News,9
reviewjournal.com,8
The Baltimore Sun,8
Laredo Morning Times,8
Medscape,8
News-Item,8
The Telegraph,8
The Beaumont Enterprise,8
The Journal News,8
Albany Herald,8
THE WEEK,8
Florida Today,8
Saturday Tradition,8
washingtonpost.com,8
Commercial Appeal,8
Bloomberg on MSN.com,8
AllAfrica.com,7
WCAX3,7
Homebrew Finds,7
syracuse.com,7
Delaware Online,7
MarketWatch on MSN.com,7
YAHOO! on MSN.com,7
The Hill on MSN.com,7
Democrat and Chronicle,7
Lansing State Journal,7
buzzfeednews.com,7
twincities.com,6
CNBC on MSN.com,6
journalstar.com,5
The Motley Fool on MSN.com,5
DVIDSHub,5
denverpost.com,5
TribLIVE.com,4
Chron.com,4
abc13.com,4
Space Coast Daily,3
UPROXX,3
The Raw Story,2
Nature.com,2
soompi,2
Democracy Now!,2
Cointelegraph,2
Yahoo! Finance,2
YAHOO!News,2
Coindesk,2
Time,1
PARADE,1
GolfDigest.com,1
The Spokesman Review,1
Corpus Christi Caller Times,1
TwinCities.com,1
Courier Journal,1
NASDAQ,1
