,publisher
Sunday Times.lk,1642
Colombo Page,1093
The Sunday Times Sri Lanka,886
Newsfirst,613
Daily Mirror,607
ft.lk,597
Sunday Leader,549
Lankaweb,473
adaderana.lk,453
Asian Tribune,445
Sri Lanka Guardian,430
Colombo Gazette,400
Hiru News,346
The Official Government News Portal of Sri Lanka,327
dailymirror.lk,306
Ceylon Daily News,294
EconomyNext,262
sundayobserver.lk,235
Lanka Business Online,210
economynext.com,163
newsfirst.lk,151
nation.lk - The Nation Newspaper,127
News 1s,111
bizenglish.adaderana.lk,90
Sunday Observer,89
Tamil Guardian,88
lankabusinessonline.com,87
The Island.lk (subscription),78
sundaytimes.lk,74
SLBC,65
News 1st (press release),39
