,publisher
Vanguard,7366
THISDAY Live,6579
Osun Defender,2180
Daily Sun,1992
P.M. News,1660
Leadership Newspapers,1656
DailyPost Nigeria,1360
THISDAY Newspapers,1323
Bella Naija,1286
The Nation Newspaper,1258
Pulse Nigeria,1141
Daily Post Nigeria,1048
Daily Trust,915
360Nobs.com,872
The Punch,840
TODAY.NG,809
The Eagle Online,792
Nigeria Today,787
SaharaReporters.com,726
Nigeria Master Web,635
NAIJ.COM,595
NEWSTAGE,537
Goal.com,465
The Streetjournal,463
Nigerian Bulletin,368
TheCable,365
Leadership Newspape,349
Guardian (blog),335
Legit.ng,334
News24 Nigeria,325
Guardia,304
thisdaylive.com,301
Information Nigeria,288
TODAY.ng,286
Guardian,285
blueprint.ng,264
Independent Newspapers Limited,255
The Tide,248
sunnewsonline.com,246
businesspost.ng,235
YNaija,230
Gistmaster (blog),228
Wetinhappen Magazine (blog),221
News Agency of Nigeria (press release),220
SundiataPost (press release) (blog),219
Premium Times,216
CHANNELS TELEVISION,214
thenewsnigeria.com.ng,212
National Mirror,211
tribuneonlineng.com,192
theeagleonline.com.ng,192
TheNewsGuru,191
Ripples Nigeria,190
Daily Trus,190
today.ng,182
dailytrust.com.ng,179
The News,175
punchng.com,173
thecable.ng,172
nairametrics.com,168
legit.ng,167
olisa.tv,167
Blueprint newspapers Limite,167
signalng.com,166
SundiataPos,165
sundiatapost.com,163
saharareporters.com,162
pulse.ng,161
thewhistler.ng,154
dailypost.ng,149
BellaNaija,146
financialwatchngr.com,142
thenewsguru.com,139
herald.ng,135
ynaija.com,132
guardian.ng,131
NTA News,129
pmnewsnigeria.com,127
thestreetjournal.org,127
channelstv.com,127
ripplesnigeria.com,125
News Agency of Nigeri,122
withinnigeria.com,122
Concise News,122
brandspurng.com,122
Within Nigeria,120
FINANCIAL WATCH (press release) (blog),117
Ventures Africa,116
proshareng.com,115
lailasnews.com,113
dailynigerian.com,113
NIGERIAN TRIBUN,109
nta.ng,106
leadership.ng,106
NAIJA.NG,104
premiumtimesng.com,94
FootballliveNG,93
SIGNAL (press release),88
Herald N,79
Nairametrics,77
Complete Sports Nigeria,76
Business Post Nigeria (press release) (blog),76
News Agency of Nigeria (satire) (press release),75
bellanaija.com,75
Nigerian Entertainment Today,71
wetinhappen.com.ng,68
independent.ng,59
osundefender.com,55
National Accord,52
sports247.ng,51
TVC News,50
Reports Afrique News,47
informationng.com,41
ynaija,41
Osun Defender (blog),38
Wetinhappen Magazine,38
Gistmania,37
fcnaija.com,36
LailasNews.com,36
BuzzNigeria.com,35
Nigeria News,34
http://www.newmail-ng.com/ (satire) (press release) (subscription) (blog),34
Politics Nigeria,32
concisenews.global,32
Wetinhappen Magazin,32
Konbini,31
Proshare Nigeria Limited (press release) (registration),31
Sports247,31
The Whistler NG,31
OlisaT,29
BusinessDay (satire,29
SIGNA,29
Brandspurn,28
Proshare Nigeria Limite,28
olajide.tv,28
Naija News,27
Business Post Nigeri,27
Techpoint.ng,27
Kemi Filani New,25
deythere.com,18
Fcnaija,17
ccdiscovery.com,13
Sportlineng (press release) (blog),13
LNG Industry,12
Pain In The Arsenal,12
goal.com,10
deyther,9
NAIJA NEWS,2
ESPN FC,1
