,publisher
GhanaWeb,8721
Peace FM Online,2281
Myjoyonline.com,2278
Citifmonline,1563
Pulse.com.gh,1216
Goal.com,617
Ghanasoccernet.com,547
YEN.COM.GH,519
graphic.com.gh,486
peacefmonline.com,424
myjoyonline.com,414
Biztech Africa,405
News Ghana,364
Graphic Online,350
Ghana Broadcasting Corporation,349
primenewsghana.com,340
Modern Ghana (press release) (blog),322
ghanacrusader.com,271
Primenewsghana,212
pulse.com.gh,207
yen.com.gh,200
Starr 103.5 FM,141
ghanasoccernet.com,109
BusinessGhana,99
asembi.com,85
allghananews.com,69
GhanaCrusade,57
Pulse Ghana,43
Yen.com.gh,30
Pulse Ghana (satire,27
goal.com,25
NewsGhana.com.gh,11
newsghana.com.gh,2
