,publisher
ABC Online,10218
Sydney Morning Herald,4236
NEWS.com.au,4048
The Australian Financial Review,1657
CarAdvice,1412
The Sydney Morning Herald,1224
Crikey,1206
The Canberra Times,1141
Gizmodo Australia,1114
ABC Local,1054
The Age,986
The Conversation,955
Kotaku Australia,908
The Roar,891
Proactive Investors Australia,889
Music Feeds,871
Business Insider Australia,819
Lifehacker Australia,767
9news.com.au,743
The Conversation AU,689
SBS,636
NewsMaker (press release),590
Brisbane Times,544
ESPN,489
Sunshine Coast Daily,478
ABC News,468
Wide World of Sports,463
Northern Star,439
Lismore Northern Star,438
cricket.com.au,433
Architecture and Design,427
Capsule Computers,413
Toowoomba Chronicle,399
Fraser Coast Chronicle,391
The Sunshine Coast Daily,369
Property Observer,348
The New Daily,323
Rockhampton Morning Bulletin,314
Lawyers Weekly,311
The West Australian,300
Yahoo7 News,299
AFL.com.au,296
The Queensland Times,286
WA today,281
miragenews.com,267
Mackay Daily Mercury,265
Eurosport.com AU,264
RenewEconomy,257
Australian Personal Computer,255
Noise11,245
SmartCompany.com.au,243
Mondaq News Alerts,240
Motley Fool Australia,233
thenewdaily.com.au,228
bandt.com.au,225
E! Online,224
afr.com,222
Community Newspaper Group,219
broadsheet.com.au,218
Warwick Daily News,218
Clarence Valley Daily Examiner,218
NRL.COM,203
The Conversation UK,200
Sky News Australia,199
The Conversation US,188
Pedestrian TV,186
Newcastle Herald,186
mamamia.com.au,181
Domain News,180
watoday.com.au,179
pedestrian.tv,179
MuMbrella,177
On Line opinion,175
fool.com.au,174
Mirage News,174
The Interpreter,173
AdNews,170
illawarramercury.com.au,168
Computerworld Australia,161
kalkinemedia.com,161
canberratimes.com.au,161
International Business Times AU,160
smh.com.au,160
thecourier.com.au,158
westernadvocate.com.au,158
Gladstone Observer,155
reneweconomy.com.au,155
au.eurosport.com,155
Huffington Post Australia,153
CNET,149
mumbrella.com.au,146
Goal.com,144
nrl.com,144
perthnow.com.au,143
ajp.com.au,141
adnews.com.au,138
Echonetdaily,137
theage.com.au,136
sbs.com.au,134
wwos.nine.com.au,131
brisbanetimes.com.au,128
honey.nine.com.au,125
themorningbulletin.com.au,125
examiner.com.au,125
abc.net.au,124
Yahoo News,121
smartcompany.com.au,120
themandarin.com.au,119
Yahoo7 Sport,118
WAtoday,117
au.finance.yahoo.com,115
lowyinstitute.org,113
au.sports.yahoo.com,113
PerthNow,111
Bundaberg News Mail,111
independentaustralia.net,110
qt.com.au,109
Vogue Australia,106
9Honey,104
kotaku.com.au,104
afl.com.au,103
thechronicle.com.au,102
thewest.com.au,99
gizmodo.com.au,99
businessinsider.com.au,97
thesaturdaypaper.com.au,97
indaily.com.au,96
Money Management,96
InDaily,95
Perth Now,95
livewiremarkets.com,95
theworldgame.sbs.com.au,94
aspistrategist.org.au,94
bendigoadvertiser.com.au,93
sunshinecoastdaily.com.au,93
eonline.com,92
the AU review (blog),91
Illawarra Mercury,89
dailymercury.com.au,88
espn.com.au,86
Sporting News,84
PopCulture.com,84
news.com.au,81
CRN Australia,81
B&amp;T,81
Gympie Times,80
Broadsheet,79
au.news.yahoo.com,79
Radio Australia,78
Shepparton News,76
ESPN (blog),74
sportingnews.com,74
Western Advocate,73
Farm Weekly,71
My Sailing,70
mysailing.com.au,68
myGC.com.au,62
Rugby.com.au,62
theroar.com.au,59
Riverine Herald,59
The Border Mail,58
Coffs Coast Advocate,58
SBS - The World Game,56
FourFourTwo Australia,56
Ten Eyewitness News,55
cnet.com,54
greenandgoldrugby.com,51
Tone Deaf,49
Ballarat Courier,47
ten daily,46
Outside90,42
Chinchilla News,42
Bendigo Advertiser,41
Sporting News AU,40
Australasian Lawyer,38
pursuit.unimelb.edu.au,38
Techly,37
InvestorDaily,36
CyclingTips,35
NewsMaker,31
Cosmos,23
D'Marge,23
The Marshalltown,20
The Cairns Post,10
goal.com,6
Daily Telegraph,5
Herald Sun,5
The Advertiser,5
Gold Coast Bulletin,3
D'MARGE,2
The Australian,2
The Mercury,2
Courier Mail,1
rugby.com.au,1
NT News,1
News.com.au,1
Townsville Bulletin,1
