,publisher
Inquirer.net,17558
Rappler,6895
Philippine Star,5192
Manila Bulletin,3513
InterAksyon,3501
Sun.Star,3031
ABS-CBN News,1864
Tempo,1700
pna.gov.ph,1250
Manila Standard Today,888
The Standard,879
pia.gov.ph,857
PhilBoxing.com,817
Business Mirror,798
Bulatlat,685
BusinessWorld Online,584
BusinessWorld Online Edition,574
Minda News,564
philstar.com,526
bworldonline.com,476
Sports Interactive Network Philippines,449
Philippine Information Agency,442
sunstar.com.ph,419
cnnphilippines.com,391
CNN Philippines,345
spin.ph,329
businessmirror.com.ph,314
newburghpress.com,297
Northbound Philippines News Online,293
news.abs-cbn.com,293
AutoIndustriya.com,267
politics.com.ph,265
ESPN,264
Davao Today,262
topgear.com.ph,247
pageone.ph,244
news.mb.com.ph,236
autoindustriya.com,233
tiebreakertimes.com.ph,231
cosmo.ph,216
Coconuts Manila,173
Visayan Daily Star,168
ABS-CBN Sports,152
Journal Online,147
business.mb.com.ph,146
Update Philippines,145
CNN,143
Yahoo News,143
ph.news.yahoo.com,141
outoftownblog.com,139
Zamboanga Today Online,131
Tiebreaker Times,127
Politiko,123
davaotoday.com,107
tv5.espn.com,104
sports.mb.com.ph,103
entertainment.mb.com.ph,103
ph.asiatatler.com,97
Mace Times,93
FOX Sports Philippines,78
foxsports.ph,77
FOX Sports Asia,76
Top Gear Philippines,72
Politik,66
Tempo (satire),65
Fox Sports Asia,61
Pink,51
Cosmopolitan Philippines,44
Khmer Times,42
wisebread.com,35
FIBA,35
Officially Kmusic,29
cricketaddictor.com,22
Fiscal Standard,19
Study International News,18
foxsportsasia.com,18
Mobile ID World,14
Tech Wire Asia,8
Technology Market Report,7
The Newburgh Press,6
Cricket Addictor,1
