,publisher
Free Malaysia Today,3882
The Malaysian Insider,3027
The Sun Daily,3002
The Star Online,2949
The Edge Markets MY,1397
Daily Express,1077
Astro Awani,1036
Malay Mail Online,936
malaysiandigest.com,805
The Malay Mail Online,762
The Borneo Post,745
New Straits Times Online,685
The Rakyat Post,646
edgeprop.my,560
ASEAN Automotive News,493
Malaysiakini,459
Sin Chew Jit Poh,458
newsarawaktribune.com.my,391
Badzine,338
thesundaily.my,310
theborneopost.com,309
Goal.com,305
theedgemarkets.com,301
worldofbuzz.com,286
KL Daily,282
malaymail.com,278
The Malaysian Reserve,277
soyacincau.com,257
lowyat.net,250
themalaysianreserve.com,243
thestar.com.my,219
malaysia-chronicle.com,213
Bernama,208
paultan.org,206
aliran.com,202
Paul Tan's Automotive News,195
EdgeProp.my,186
says.com,170
Malaysiakini (subscription),170
Malaysia Chronicle,166
The Malaysian Insight,164
themalaysianinsight.com,154
Malay Mail,142
nst.com.my,141
klgadgetguy.com,110
WORLD OF BUZ,106
malaysiakini.com,91
digitalnewsasia.com,89
SoyaCincau.com,79
SAYS,72
Business Insider,60
Aquila Style,60
Lowyat.NET (blog),60
Khmer Times,50
businessinsider.my,49
fourthofficial.com,49
Lowyat.NET,44
Stuff,40
FourFourTwo,36
FOX Sports Malaysia,34
Local Sarawak News,32
Malaysia Outlook (press release) (registration),27
Malaysian Christian News,19
foxsports.com.my,11
goal.com,10
