,publisher
Irish Independent,6963
thejournal.ie,5491
Irish Times,4481
RTE.ie,3205
Herald.ie,3146
Irish Central,1886
The42,1654
Irish Examiner,1653
Limerick Leader,1456
IrishCentral,1452
BreakingNews.ie,1269
JOE,1151
Irish Mirror,998
Meath Chronicle,851
Independent.ie,781
Galway Advertiser,749
Donegal Democrat,699
Kilkenny People,646
Entertainment.ie,637
Longford Leader,586
Leinster Express,577
Irish Medical Times,558
The Irish Sun,542
Leinster Leader,525
Leitrim Observer,479
DailyEdge.ie,443
Afloat,380
Limerick Post,380
Irish Health,369
Dundalk Democrat,362
Agriland,354
Westmeath Examiner,326
SportsJOE.ie,305
Westmeath Independent,305
Offaly Express,302
SportsNewsIRELAND,300
TV3.ie,295
Extratime.ie,275
Evening Echo Cork,272
Pundit Arena,256
limerickleader.ie,250
AdWorld,246
The Sociable,237
Anglo Celt,231
Her.ie,216
Kfm Radio,213
Irish Echo,212
afloat.ie,204
kilkennypeople.ie,196
Clare Champion,193
longfordleader.ie,180
Southern Star Newspaper,178
Connaught Telegraph,176
the42.ie,173
offalyexpress.ie,172
leinsterleader.ie,171
Extra.ie,170
image.ie,164
tipperarylive.ie,163
leitrimobserver.ie,162
The University Times,158
leinsterexpress.ie,157
Mayo News,156
Derry Journal,155
Tipperary Star,152
dundalkdemocrat.ie,149
herald.ie,148
dublinlive.ie,145
agriland.ie,145
hotpress.com,143
irishexaminer.com,140
extra.ie,137
West Cork Times,135
joe.ie,132
Sunday World,129
limerickpost.ie,128
echolive.ie,126
independent.ie,126
irishmirror.ie,125
advertiser.ie,125
sportsnewsireland.com,122
Irish Farmers Journal,122
mayonews.ie,120
waterfordlive.ie,119
Mayo Advertiser,118
The Clare Herald,118
Talk of the Town,115
con-telegraph.ie,113
punditarena.com,110
southernstar.ie,110
balls.ie,109
Nenagh Guardian,103
Highland Radio,99
Kildare Nationalist,98
thesun.ie,98
Connacht Tribune Group,96
meathchronicle.ie,95
siliconrepublic.com,92
Goal.com,90
her.ie,89
The Nationalist,89
nenaghguardian.ie,88
Waterford Today,87
UTV Ireland,87
Newstalk 106-108 fm,87
clarechampion.ie,86
SportsJOE,84
Buzz.ie,83
Irish Tech News,77
An Phoblacht,76
Fashion.ie,75
offtheball.com,75
Balls.ie,75
Dublin People,74
westmeathexaminer.ie,73
universitytimes.ie,72
techcentral.ie,72
breakingnews.ie,72
entertainment.ie,72
talkofthetown.ie,71
avondhupress.ie,71
Dublin Live,70
irishtimes.com,69
sportsjoe.ie,69
extratime.ie,68
rte.ie,67
Siliconrepublic.com,67
Business World (press release) (blog),64
Echo Live,64
Laois Nationalist,63
dailyedge.ie,61
Sunday Business Post,60
connachttribune.ie,58
galwaydaily.com,57
shemazing.net,55
anglocelt.ie,54
SHEmazing,53
FFT.ie,53
TipperaryLive.ie,52
irishrugby.ie,50
TodayFM,49
RSVP Live,49
The Irish Catholic,49
irishtechnews.ie,47
TheCork.ie,47
The Irish Field,46
WicklowNews.Net,46
boatinternational.com,46
interestingengineering.com,44
buzz.ie,43
TechCentral.ie,43
Waterford Live,43
Galway Bay FM,42
Donegal Now,41
Wicklow People,40
virginmediatelevision.ie,40
Scannain,39
theirishfield.ie,39
chemistryworld.com,38
Digital Spy,35
tradearabia.com,35
Lovin Dublin,35
Galway Independent,34
autosport.com,34
TTG,32
camdennewjournal.com,32
pocket-lint.com,31
The Sunday Business Post,30
The Irish World Newspaper,30
thebookseller.com,30
Fiji Times,28
fashion.ie,28
http://theliberal.ie/ (press release) (blog),28
The Kerryman,27
antiquestradegazette.com,26
pharmaceutical-journal.com,25
gasworld.com,25
ipe.com,25
Pocket-lint.com,24
Interesting Engineering,22
ttgmedia.com,22
Goss.ie,20
engineersjournal.ie,20
Trade Arabia,18
The Bookseller,18
ESM - The European Supermarket Magazine,16
screendaily.com,15
civilserviceworld.com,15
khl.com,14
fruitnet.com,13
Fruitnet,12
flightglobal.com,12
pinkun.com,11
studyinternational.com,11
Heat,10
DigitalSpy.com,9
Flightglobal,9
theparliamentmagazine.eu,8
relocatemagazine.com,8
thecomet.net,8
Pistonheads.com,8
The Pharmaceutical Journal,7
esportsobserver.com,7
Screen International,7
whufc.com,7
Seatrade Cruise News,7
bigissue.com,6
The Eye of Photography,6
Study International News,5
trtworld.com,5
Flickreel,4
seatrade-cruise.com,4
FormulaSpy.com,4
Camden New Journal newspapers website,3
TRT World,3
IPE.com,2
frieze.com,2
Mobile World Live,2
bne IntelliNews,1
mining-journal.com,1
Attain News,1
The Esports Observer,1
intellinews.com,1
